1,JTBC,배우 김수미 별세…향년 75세
2,JTBC,'장군의아들' 배우 박상민 세번째 음주운전…징역 6개월 구형
3,JTBC,"박장범 앵커 사장 소식에 막내기자들 ""용산 줄 탄 앵커 사장"""
4,JTBC,"[단도직입] 강혜경 측 ""대통령 위한 여론조사 81번...돈 받으러 간다는 녹취·항공권 있어"""
5,JTBC,"집유 중에...새끼고양이 '명숙이' 3시간 폭행 ""CCTV 고통 담겨"""
6,MBN,'국민 엄마'부터 '욕쟁이 할머니'까지…큰 별 김수미 발자취
7,MBN,"배우 김수미 사인은 '고혈당 쇼크'…""당뇨 수치 500 넘어"""
8,MBN,"""10년 일해도 월급 200만 원대"" 줄줄이 퇴사…현실 속 무도실무관 모습은"
9,MBN,"[속보] 러, 김정은 내년 방러 가능성에 ""물론…가까운 이웃, 항상 왕래"""
10,MBN,"'지방세 체납 명단' 오른 명태균 ""가스비 9개월 밀렸다"""
11,동아일보,추운 날에 ‘이것’ 많이 먹으면…‘침묵의 살인자’ 고혈압 부른다
12,동아일보,최불암이 말하는 故 김수미…“사명감이 철저한 배우”
13,동아일보,[단독]“당첨됐다더니…” 청취자들에 경품 안보낸 제주TBN 라디오PD 정직 처분
14,동아일보,성심당 온누리상품권 월매출이 3억인데…마늘가게서 63억?
15,동아일보,"尹지지율 20%, 다시 최저치…부정평가 이유 ‘金여사 문제’ 가장 많아"
16,SBS,"김수미 아들 ""어머니 사인은 고혈당 쇼크…당뇨 수치 500 넘어"""
17,SBS,"뜬금없이 배달된 통닭 5마리…""설마?"" 소방관 활짝 웃었다"
18,SBS,성수동 프라다 행사에 700여 명 몰려…사고 위험에 조기 종료
19,SBS,인천 송도서 패싸움 중 흉기 난동…40대 주범 징역 20년 구형
20,SBS,내년부터 고등학교에 '금융' 과목 신설
21,머니투데이,"""김수미, 외국서 태어났으면…"" 22년 함께한 김혜자의 찬사 [스토리후]"
22,머니투데이,"""로제야 고맙다"" 순식간에 115% 껑충…익절 성공 개미들 '콧노래'"
23,머니투데이,김수미 소송 준비중 스트레스 악화?…사망 원인 '고혈당 쇼크'
24,머니투데이,"집단 구타, 성폭행하고 '실시간 방송'…무서운 고등학생 최후"
25,머니투데이,"음주운전 벌써 세 번째…'장군의 아들' 박상민 ""두 번 다시 없다"" 최후진술"
26,아시아경제,"""업소 다녔다"" 율희 폭로에…최민환, 성매매 혐의로 고발 당해"
27,아시아경제,"김수미 아들 ""어머니 사인은 고혈당 쇼크…출연료 미지급에 고통"""
28,아시아경제,관중이 던진 폭죽 줍다가 '펑'…손가락 절단된 축구 선수
29,아시아경제,'저승사자' 표현 써가며…'김수미 영상' 올린 무속인에 비난폭주
30,아시아경제,스스로 다가와 몸에 '착'…하반신 마비 환자가 일어섰다[과학을 읽다]
31,국민일보,김수미 아들 “母 사인은 ‘고혈당 쇼크’…스트레스 많아”
32,국민일보,“백종원 지분 2990억”…더본코리아 공모가 3.4만원 ‘잭팟’
33,국민일보,“속는 셈 치고 샀는데 가르마 빼곡해져”… ‘뻥튀기 광고’였다
34,국민일보,"문다혜, 택시기사와 합의했지만…경찰, 한의원 압수수색"
35,국민일보,"이거 어쩌지, 미국도 한국도 심상찮다… 스타벅스 위기"
36,MBC,"대통령실 ""도이치모터스 김건희 여사 23억 수익 사실 아냐"""
37,MBC,"""여사 측이 '권성동 제거' 제안"" 이준석, 자신 발언 보도되자.."
38,MBC,"""김수미 사인은 고혈당 쇼크"" 동료들 ""가짜뉴스인 줄‥"""
39,MBC,"검찰, '세 번째 음주운전' 배우 박상민에 징역 6개월 구형"
40,MBC,"""용산 알짱대더니 이제 와서‥가소롭지도 않다"" 직격"
41,한겨레,교보문고에 ‘한강 책’ 반품하는 동네서점 “주문 안 받을 땐 언제고…”
42,한겨레,배우 김수미 “다들 건강하시고 또 만나요” 마지막 인사 될 줄은…
43,한겨레,“관저 ‘온 국민 염장 지를’ 김건희 호화시설…감사회의록에 있다” [영상]
44,한겨레,김수미 사망 원인 ‘고혈당 쇼크’…조기 치료 않으면 심정지
45,한겨레,"삼성 초슬림폰, 초유의 출시 지연…“검사 하느라”"
46,서울경제,"""혼자 러 군인 500명 죽인 영웅인데""…우크라 최정예 드론 조종사 사망"
47,서울경제,"""의대 힘들게 뭐하러"" ""장마철엔 미국집""…강남 슈퍼리치들의 '그사세'"
48,서울경제,"'일용 엄니' 故 김수미 사인은 '고혈당 쇼크'였다…""당뇨 수치 500 넘게 나와"""
49,서울경제,"""카리나 차에서 못 내려""…성수동 '프라다 행사' 몰려든 인파에 결국"
50,서울경제,"""유포하지 말아달라 했는데""…성인사이트에 노출 사진 판매한 사진 작가"
51,TV조선,"김수미 사인은 '고혈당 쇼크'…""당뇨 수치 500 넘었다"""
52,TV조선,"경찰, 문다혜 음주운전 사고 택시기사 치료 한의원 압수수색"
53,TV조선,"해리스-오바마, 첫 합동 유세…""트럼프, 너무 미친 듯이 행동해 흔한 일 돼버려"""
54,TV조선,"野, 김건희 여사 '마포대교 통제' 비판에…경찰청장 ""영부인 경호대상"""
55,TV조선,"김수미의 유작 된 '친정엄마'…""스태프들도 임금 못받아"""
56,파이낸셜뉴스,"""최민환, 업소 다녔다""..율희 충격 폭로에 경찰, '성매매 혐의' 내사 착수"
57,파이낸셜뉴스,"""저승사자 보인다"" 김수미 사망 예언한 무속인 영상..알고보니 새빨간 거짓말"
58,파이낸셜뉴스,"'알몸 박스녀' ""손 넣어보라고 했지, 만지라고 하진 않아"" 선처 호소"
59,파이낸셜뉴스,"11억 아파트 4억에 팝니다...300만 청약 광풍 '이곳'서 또 줍줍, 신청 조건은?"
60,파이낸셜뉴스,"SNL 하니·한강 패러디 논란에 방심위 ""OTT는 방송법 적용 안받아 심의 불가"""
