aaa,1111,홍길동,Fontel,8925 Bartillon Road,60000000
bbb,2222,유관순,Pattesall,0694 Annamark Alley,50000000
ccc,3333,이순신,Vispo,88 Meadow Valley Court,80000000
ddd,4444,Cornelia,Treat,587 North Park,80000000
eee,5555,Max,Turville,7 Sommers Circle,80000000
aioannou5,4138,Augustina,Ioannou,74770 Cambridge Road,80000000
vmcbay6,4336,Vitoria,McBay,6250 Nelson Road,100000000
bcharlesworth7,9937,Bettye,Charlesworth,36 Scott Trail,90000000
ahaysman8,8684,Alwyn,Haysman,751 Fieldstone Junction,70000000
mkolodziejski9,9172,Mandy,Kolodziejski,3478 Orin Crossing,80000000
emaghulla,2813,Elihu,Maghull,4 Lunder Pass,50000000
ghuebnerb,6870,Greg,Huebner,9507 Manley Parkway,80000000
lmanssuerc,4864,Letitia,Manssuer,482 West Park,80000000
esoamesd,9627,Elena,Soames,247 Sycamore Park,90000000
ebyrnee,4906,Emanuel,Byrne,25999 Schlimgen Park,80000000
ahanrahanf,1403,Allan,Hanrahan,52 Loeprich Point,70000000
mleethemg,9723,Morse,Leethem,41040 Southridge Street,70000000
amatchesh,9943,Allis,Matches,4203 Everett Junction,50000000
hdenisardi,3098,Hector,Denisard,85697 Buell Plaza,60000000
hblondellj,2203,Hewitt,Blondell,468 Kipling Court,100000000
zzz,9999,홍길자,hong,서울특별시,2000000
